ZipCode,City,MixedCity,StateCode,County,MixedCounty,Latitude,Longitude,avg_rent_one
10001,NEW YORK,New York,NY,NEW YORK,New York,40.7508,-73.996122,3953.0
10002,NEW YORK,New York,NY,NEW YORK,New York,40.722296,-73.985506,2582.0
10009,NEW YORK,New York,NY,NEW YORK,New York,40.72698,-73.980115,2817.0
10010,NEW YORK,New York,NY,NEW YORK,New York,40.738634000000005,-73.98293699999999,3413.0
10011,NEW YORK,New York,NY,NEW YORK,New York,40.74406,-74.004592,3790.0
10012,NEW YORK,New York,NY,NEW YORK,New York,40.725568,-73.99820799999999,3050.0
10013,NEW YORK,New York,NY,NEW YORK,New York,40.720921000000004,-74.008878,3706.0
10014,NEW YORK,New York,NY,NEW YORK,New York,40.734332,-74.010112,3495.0
10016,NEW YORK,New York,NY,NEW YORK,New York,40.744594,-73.978088,3475.0
10017,NEW YORK,New York,NY,NEW YORK,New York,40.752516,-73.973072,3211.0
10018,NEW YORK,New York,NY,NEW YORK,New York,40.755256,-73.996684,3550.0
10019,NEW YORK,New York,NY,NEW YORK,New York,40.767192,-73.99181,3442.0
10021,NEW YORK,New York,NY,NEW YORK,New York,40.769830999999996,-73.95851400000001,2846.0
10022,NEW YORK,New York,NY,NEW YORK,New York,40.758346,-73.967997,3168.0
10003,NEW YORK,New York,NY,NEW YORK,New York,40.731392,-73.9884,3232.0
10004,NEW YORK,New York,NY,NEW YORK,New York,40.695383,-74.026525,3874.0
10005,NEW YORK,New York,NY,NEW YORK,New York,40.706171999999995,-74.008596,3827.0
10006,NEW YORK,New York,NY,NEW YORK,New York,40.707932,-74.013335,3465.0
10007,NEW YORK,New York,NY,NEW YORK,New York,40.714216,-74.00816800000001,4638.0
10023,NEW YORK,New York,NY,NEW YORK,New York,40.773726,-73.980067,3298.0
10024,NEW YORK,New York,NY,NEW YORK,New York,40.797364,-73.97785,2922.0
10025,NEW YORK,New York,NY,NEW YORK,New York,40.798345,-73.96315799999999,2997.0
10026,NEW YORK,New York,NY,NEW YORK,New York,40.80405,-73.952833,2283.0
10027,NEW YORK,New York,NY,NEW YORK,New York,40.812908,-73.953194,2174.0
10028,NEW YORK,New York,NY,NEW YORK,New York,40.776127,-73.952597,2582.0
10029,NEW YORK,New York,NY,NEW YORK,New York,40.791708,-73.94331899999999,2465.0
10030,NEW YORK,New York,NY,NEW YORK,New York,40.818433,-73.942274,1848.0
10031,NEW YORK,New York,NY,NEW YORK,New York,40.826904,-73.94959300000001,1892.0
10036,NEW YORK,New York,NY,NEW YORK,New York,40.759477000000004,-73.989871,3324.0
10037,NEW YORK,New York,NY,NEW YORK,New York,40.813732,-73.938243,1830.0
10038,NEW YORK,New York,NY,NEW YORK,New York,40.708785999999996,-74.00321600000001,3371.0
10039,NEW YORK,New York,NY,NEW YORK,New York,40.82799,-73.938908,1705.0
10040,NEW YORK,New York,NY,NEW YORK,New York,40.85694,-73.92849100000001,1636.0
10065,NEW YORK,New York,NY,NEW YORK,New York,40.764253000000004,-73.962466,3198.0
10075,NEW YORK,New York,NY,NEW YORK,New York,40.77355,-73.955621,2438.0
10032,NEW YORK,New York,NY,NEW YORK,New York,40.834790000000005,-73.949315,1766.0
10033,NEW YORK,New York,NY,NEW YORK,New York,40.858549,-73.93955,1746.0
10034,NEW YORK,New York,NY,NEW YORK,New York,40.870284999999996,-73.924245,1652.0
10035,NEW YORK,New York,NY,NEW YORK,New York,40.795273,-73.93010699999999,2036.0
10128,NEW YORK,New York,NY,NEW YORK,New York,40.78154,-73.948758,2600.0
10282,NEW YORK,New York,NY,NEW YORK,New York,40.716626,-74.014494,4137.0
10314,STATEN ISLAND,Staten Island,NY,RICHMOND,Richmond,40.596148,-74.161613,1399.0
10452,BRONX,Bronx,NY,BRONX,Bronx,40.837314,-73.922428,1533.0
10453,BRONX,Bronx,NY,BRONX,Bronx,40.853612,-73.913576,1450.0
10301,STATEN ISLAND,Staten Island,NY,RICHMOND,Richmond,40.624728999999995,-74.094544,1498.0
10456,BRONX,Bronx,NY,BRONX,Bronx,40.82933,-73.90813399999999,1417.0
10457,BRONX,Bronx,NY,BRONX,Bronx,40.846410999999996,-73.89844599999999,1467.0
10458,BRONX,Bronx,NY,BRONX,Bronx,40.864942,-73.884878,1467.0
10460,BRONX,Bronx,NY,BRONX,Bronx,40.843824,-73.87934200000001,1408.0
10461,BRONX,Bronx,NY,BRONX,Bronx,40.845485,-73.843579,1533.0
10469,BRONX,Bronx,NY,BRONX,Bronx,40.86995,-73.84411800000001,1500.0
10472,BRONX,Bronx,NY,BRONX,Bronx,40.829982,-73.86599,1500.0
10601,WHITE PLAINS,White Plains,NY,WESTCHESTER,Westchester,41.031532,-73.764403,2238.0
10462,BRONX,Bronx,NY,BRONX,Bronx,40.842679,-73.855548,1450.0
10463,BRONX,Bronx,NY,BRONX,Bronx,40.879335,-73.910328,1808.0
10465,BRONX,Bronx,NY,BRONX,Bronx,40.832653,-73.81626700000001,1500.0
10466,BRONX,Bronx,NY,BRONX,Bronx,40.891958,-73.84496899999999,1458.0
10467,BRONX,Bronx,NY,BRONX,Bronx,40.876653000000005,-73.87150799999999,1439.0
10468,BRONX,Bronx,NY,BRONX,Bronx,40.869982,-73.90070899999999,1527.0
10573,PORT CHESTER,Port Chester,NY,WESTCHESTER,Westchester,41.023196999999996,-73.67811800000001,2020.0
10701,YONKERS,Yonkers,NY,WESTCHESTER,Westchester,40.952603,-73.88291,1675.0
10704,YONKERS,Yonkers,NY,WESTCHESTER,Westchester,40.922999,-73.863398,1500.0
10801,NEW ROCHELLE,New Rochelle,NY,WESTCHESTER,Westchester,40.91574,-73.782885,1912.0
10805,NEW ROCHELLE,New Rochelle,NY,WESTCHESTER,Westchester,40.896265,-73.781088,1580.0
11101,LONG ISLAND CITY,Long Island City,NY,QUEENS,Queens,40.745616999999996,-73.936038,2835.0
11102,ASTORIA,Astoria,NY,QUEENS,Queens,40.770844,-73.92605999999999,2017.0
11103,ASTORIA,Astoria,NY,QUEENS,Queens,40.762289,-73.912051,1800.0
11104,SUNNYSIDE,Sunnyside,NY,QUEENS,Queens,40.743528000000005,-73.918564,1838.0
11105,ASTORIA,Astoria,NY,QUEENS,Queens,40.779309999999995,-73.90960600000001,1817.0
11106,ASTORIA,Astoria,NY,QUEENS,Queens,40.762454999999996,-73.93165,1861.0
11109,LONG ISLAND CITY,Long Island City,NY,QUEENS,Queens,40.744496000000005,-73.95774399999999,2961.0
11201,BROOKLYN,Brooklyn,NY,KINGS,Kings,40.694599,-73.990638,3215.0
11220,BROOKLYN,Brooklyn,NY,KINGS,Kings,40.640737,-74.018376,1698.0
11221,BROOKLYN,Brooklyn,NY,KINGS,Kings,40.692502000000005,-73.927079,2183.0
11222,BROOKLYN,Brooklyn,NY,KINGS,Kings,40.728320000000004,-73.944758,2360.0
11223,BROOKLYN,Brooklyn,NY,KINGS,Kings,40.59623,-73.97406600000001,1608.0
11225,BROOKLYN,Brooklyn,NY,KINGS,Kings,40.663354,-73.951438,1932.0
11226,BROOKLYN,Brooklyn,NY,KINGS,Kings,40.645412,-73.95873,1750.0
11228,BROOKLYN,Brooklyn,NY,KINGS,Kings,40.616926,-74.01280200000001,1571.0
11229,BROOKLYN,Brooklyn,NY,KINGS,Kings,40.601296000000005,-73.94021500000001,1658.0
11230,BROOKLYN,Brooklyn,NY,KINGS,Kings,40.62275,-73.96625300000001,1604.0
11231,BROOKLYN,Brooklyn,NY,KINGS,Kings,40.676516,-74.00401600000001,2533.0
11232,BROOKLYN,Brooklyn,NY,KINGS,Kings,40.657236,-74.002868,2000.0
11233,BROOKLYN,Brooklyn,NY,KINGS,Kings,40.676503000000004,-73.92041800000001,1942.0
11234,BROOKLYN,Brooklyn,NY,KINGS,Kings,40.609761999999996,-73.910664,1467.0
11235,BROOKLYN,Brooklyn,NY,KINGS,Kings,40.584576,-73.940203,1767.0
11237,BROOKLYN,Brooklyn,NY,KINGS,Kings,40.702704,-73.918472,2067.0
11238,BROOKLYN,Brooklyn,NY,KINGS,Kings,40.676159999999996,-73.964404,2450.0
11249,BROOKLYN,Brooklyn,NY,KINGS,Kings,40.6933,-73.9925,3175.0
11361,BAYSIDE,Bayside,NY,QUEENS,Queens,40.763855,-73.77052900000001,1795.0
11364,OAKLAND GARDENS,Oakland Gardens,NY,QUEENS,Queens,40.747014,-73.757308,1675.0
11203,BROOKLYN,Brooklyn,NY,KINGS,Kings,40.649188,-73.933724,1550.0
11204,BROOKLYN,Brooklyn,NY,KINGS,Kings,40.621295,-73.98691600000001,1558.0
11205,BROOKLYN,Brooklyn,NY,KINGS,Kings,40.694371000000004,-73.965874,2537.0
11206,BROOKLYN,Brooklyn,NY,KINGS,Kings,40.702353,-73.942541,2233.0
11207,BROOKLYN,Brooklyn,NY,KINGS,Kings,40.671296000000005,-73.895212,1633.0
11209,BROOKLYN,Brooklyn,NY,KINGS,Kings,40.620876,-74.029111,1667.0
11210,BROOKLYN,Brooklyn,NY,KINGS,Kings,40.625556,-73.94589599999999,1579.0
11211,BROOKLYN,Brooklyn,NY,KINGS,Kings,40.711665999999994,-73.946422,2683.0
11212,BROOKLYN,Brooklyn,NY,KINGS,Kings,40.664369,-73.915334,1583.0
11213,BROOKLYN,Brooklyn,NY,KINGS,Kings,40.671561,-73.937799,1865.0
11214,BROOKLYN,Brooklyn,NY,KINGS,Kings,40.597689,-74.000986,1600.0
11215,BROOKLYN,Brooklyn,NY,KINGS,Kings,40.66509,-73.980306,2400.0
11216,BROOKLYN,Brooklyn,NY,KINGS,Kings,40.680972,-73.947638,2100.0
11217,BROOKLYN,Brooklyn,NY,KINGS,Kings,40.681293,-73.980954,2750.0
11218,BROOKLYN,Brooklyn,NY,KINGS,Kings,40.644512,-73.978228,1873.0
11219,BROOKLYN,Brooklyn,NY,KINGS,Kings,40.633388000000004,-73.996767,1582.0
11354,FLUSHING,Flushing,NY,QUEENS,Queens,40.766534,-73.827037,1798.0
11355,FLUSHING,Flushing,NY,QUEENS,Queens,40.751002,-73.82273199999999,1733.0
11358,FLUSHING,Flushing,NY,QUEENS,Queens,40.761603,-73.794507,1642.0
11367,FLUSHING,Flushing,NY,QUEENS,Queens,40.729383,-73.82731899999999,1767.0
11368,CORONA,Corona,NY,QUEENS,Queens,40.75233,-73.853462,1695.0
11378,MASPETH,Maspeth,NY,QUEENS,Queens,40.724032,-73.908541,1625.0
11379,MIDDLE VILLAGE,Middle Village,NY,QUEENS,Queens,40.718462,-73.88048,1598.0
11385,RIDGEWOOD,Ridgewood,NY,QUEENS,Queens,40.698203,-73.880444,1742.0
11418,RICHMOND HILL,Richmond Hill,NY,QUEENS,Queens,40.699576,-73.831452,1617.0
11432,JAMAICA,Jamaica,NY,QUEENS,Queens,40.715697999999996,-73.792828,1808.0
11372,JACKSON HEIGHTS,Jackson Heights,NY,QUEENS,Queens,40.75173,-73.882981,1762.0
11373,ELMHURST,Elmhurst,NY,QUEENS,Queens,40.738341,-73.877886,1751.0
11374,REGO PARK,Rego Park,NY,QUEENS,Queens,40.724094,-73.86245699999999,1932.0
11375,FOREST HILLS,Forest Hills,NY,QUEENS,Queens,40.723074,-73.842196,1858.0
11377,WOODSIDE,Woodside,NY,QUEENS,Queens,40.747995,-73.906412,1761.0
11415,KEW GARDENS,Kew Gardens,NY,QUEENS,Queens,40.708090000000006,-73.830299,1763.0
11421,WOODHAVEN,Woodhaven,NY,QUEENS,Queens,40.692910999999995,-73.856759,1641.0
11435,JAMAICA,Jamaica,NY,QUEENS,Queens,40.700956,-73.809976,1710.0
11561,LONG BEACH,Long Beach,NY,NASSAU,Nassau,40.589515999999996,-73.640784,1967.0
12047,COHOES,Cohoes,NY,ALBANY,Albany,42.786912,-73.723729,1291.0
12180,TROY,Troy,NY,RENSSELAER,Rensselaer,42.74558,-73.59177,969.0
17109,HARRISBURG,Harrisburg,PA,DAUPHIN,Dauphin,40.289956,-76.821368,825.0
17602,LANCASTER,Lancaster,PA,LANCASTER,Lancaster,40.011486,-76.249454,864.0
17603,LANCASTER,Lancaster,PA,LANCASTER,Lancaster,40.006626000000004,-76.360764,798.0
18018,BETHLEHEM,Bethlehem,PA,NORTHAMPTON,Northampton,40.630398,-75.394327,962.0
18103,ALLENTOWN,Allentown,PA,LEHIGH,Lehigh,40.573712,-75.481788,1046.0
19020,BENSALEM,Bensalem,PA,BUCKS,Bucks,40.10115,-74.941677,1202.0
19104,PHILADELPHIA,Philadelphia,PA,PHILADELPHIA,Philadelphia,39.964046,-75.197184,1157.0
19106,PHILADELPHIA,Philadelphia,PA,PHILADELPHIA,Philadelphia,39.948843,-75.14428199999999,1748.0
19107,PHILADELPHIA,Philadelphia,PA,PHILADELPHIA,Philadelphia,39.951938,-75.158746,1678.0
19102,PHILADELPHIA,Philadelphia,PA,PHILADELPHIA,Philadelphia,39.952668,-75.165214,1868.0
19103,PHILADELPHIA,Philadelphia,PA,PHILADELPHIA,Philadelphia,39.953767,-75.176335,1820.0
19114,PHILADELPHIA,Philadelphia,PA,PHILADELPHIA,Philadelphia,40.06728,-75.00488399999999,1029.0
19123,PHILADELPHIA,Philadelphia,PA,PHILADELPHIA,Philadelphia,39.96294,-75.143766,1567.0
19125,PHILADELPHIA,Philadelphia,PA,PHILADELPHIA,Philadelphia,39.976408,-75.12217,1458.0
19128,PHILADELPHIA,Philadelphia,PA,PHILADELPHIA,Philadelphia,40.047188,-75.229979,1062.0
19143,PHILADELPHIA,Philadelphia,PA,PHILADELPHIA,Philadelphia,39.941018,-75.228165,963.0
19146,PHILADELPHIA,Philadelphia,PA,PHILADELPHIA,Philadelphia,39.939145,-75.185452,1426.0
19130,PHILADELPHIA,Philadelphia,PA,PHILADELPHIA,Philadelphia,39.967428000000005,-75.17670799999999,1612.0
19131,PHILADELPHIA,Philadelphia,PA,PHILADELPHIA,Philadelphia,39.98925,-75.221153,1235.0
19147,PHILADELPHIA,Philadelphia,PA,PHILADELPHIA,Philadelphia,39.936478,-75.15185799999999,1432.0
19148,PHILADELPHIA,Philadelphia,PA,PHILADELPHIA,Philadelphia,39.911896,-75.151445,1017.0
19355,MALVERN,Malvern,PA,CHESTER,Chester,40.041973,-75.533698,1610.0
19380,WEST CHESTER,West Chester,PA,CHESTER,Chester,39.989232,-75.611876,1442.0
19382,WEST CHESTER,West Chester,PA,CHESTER,Chester,39.923246,-75.61563100000001,1304.0
19401,NORRISTOWN,Norristown,PA,MONTGOMERY,Montgomery,40.131126,-75.33164000000001,1258.0
19446,LANSDALE,Lansdale,PA,MONTGOMERY,Montgomery,40.226262,-75.293266,1172.0
19428,CONSHOHOCKEN,Conshohocken,PA,MONTGOMERY,Montgomery,40.079803000000005,-75.307606,1613.0
23606,NEWPORT NEWS,Newport News,VA,NEWPORT NEWS CITY,Newport News City,37.065053999999996,-76.528166,1078.0
23666,HAMPTON,Hampton,VA,HAMPTON CITY,Hampton City,37.062782,-76.40522,907.0
23803,PETERSBURG,Petersburg,VA,PETERSBURG CITY,Petersburg City,37.205962,-77.46609000000001,902.0
23503,NORFOLK,Norfolk,VA,NORFOLK CITY,Norfolk City,36.948056,-76.25698299999999,698.0
23510,NORFOLK,Norfolk,VA,NORFOLK CITY,Norfolk City,36.8522,-76.294156,1300.0
23602,NEWPORT NEWS,Newport News,VA,NEWPORT NEWS CITY,Newport News City,37.114094,-76.51442800000001,983.0
23704,PORTSMOUTH,Portsmouth,VA,PORTSMOUTH CITY,Portsmouth City,36.82201,-76.317128,1092.0
27407,GREENSBORO,Greensboro,NC,GUILFORD,Guilford,36.006178000000006,-79.872066,748.0
27517,CHAPEL HILL,Chapel Hill,NC,ORANGE,Orange,35.841038,-79.02982,1159.0
27519,CARY,Cary,NC,WAKE,Wake,35.813926,-78.882067,1169.0
27560,MORRISVILLE,Morrisville,NC,WAKE,Wake,35.861990999999996,-78.818149,1105.0
27601,RALEIGH,Raleigh,NC,WAKE,Wake,35.775211,-78.63432399999999,1392.0
27604,RALEIGH,Raleigh,NC,WAKE,Wake,35.816936,-78.563843,1105.0
27606,RALEIGH,Raleigh,NC,WAKE,Wake,35.737593,-78.721192,912.0
27607,RALEIGH,Raleigh,NC,WAKE,Wake,35.818811,-78.71404,1106.0
27609,RALEIGH,Raleigh,NC,WAKE,Wake,35.842711,-78.63185,1194.0
27612,RALEIGH,Raleigh,NC,WAKE,Wake,35.851876000000004,-78.702013,1106.0
27613,RALEIGH,Raleigh,NC,WAKE,Wake,35.923982,-78.71668199999999,910.0
27615,RALEIGH,Raleigh,NC,WAKE,Wake,35.902182,-78.627742,961.0
27617,RALEIGH,Raleigh,NC,WAKE,Wake,35.904084000000005,-78.768873,1016.0
27703,DURHAM,Durham,NC,DURHAM,Durham,35.946905,-78.79409799999999,1068.0
27705,DURHAM,Durham,NC,DURHAM,Durham,36.033619,-78.982388,1216.0
27707,DURHAM,Durham,NC,DURHAM,Durham,35.948152,-78.955534,950.0
27587,WAKE FOREST,Wake Forest,NC,WAKE,Wake,35.981296,-78.55018100000001,992.0
27713,DURHAM,Durham,NC,DURHAM,Durham,35.885690999999994,-78.92949300000001,975.0
28027,CONCORD,Concord,NC,CABARRUS,Cabarrus,35.419708,-80.675816,1008.0
28078,HUNTERSVILLE,Huntersville,NC,MECKLENBURG,Mecklenburg,35.400197,-80.866352,1028.0
28105,MATTHEWS,Matthews,NC,MECKLENBURG,Mecklenburg,35.110446,-80.708955,968.0
28216,CHARLOTTE,Charlotte,NC,MECKLENBURG,Mecklenburg,35.301252000000005,-80.901662,1064.0
28217,CHARLOTTE,Charlotte,NC,MECKLENBURG,Mecklenburg,35.171003999999996,-80.915103,1013.0
28226,CHARLOTTE,Charlotte,NC,MECKLENBURG,Mecklenburg,35.106787,-80.829246,938.0
28117,MOORESVILLE,Mooresville,NC,IREDELL,Iredell,35.571472,-80.89599799999999,885.0
28202,CHARLOTTE,Charlotte,NC,MECKLENBURG,Mecklenburg,35.227646,-80.84375,1592.0
28203,CHARLOTTE,Charlotte,NC,MECKLENBURG,Mecklenburg,35.208484000000006,-80.858125,1444.0
28204,CHARLOTTE,Charlotte,NC,MECKLENBURG,Mecklenburg,35.213364,-80.8262,1341.0
28205,CHARLOTTE,Charlotte,NC,MECKLENBURG,Mecklenburg,35.218036,-80.78684399999999,1331.0
28209,CHARLOTTE,Charlotte,NC,MECKLENBURG,Mecklenburg,35.17662,-80.852575,1333.0
28269,CHARLOTTE,Charlotte,NC,MECKLENBURG,Mecklenburg,35.340751000000004,-80.7936,1001.0
28273,CHARLOTTE,Charlotte,NC,MECKLENBURG,Mecklenburg,35.123281,-80.93395500000001,1150.0
28277,CHARLOTTE,Charlotte,NC,MECKLENBURG,Mecklenburg,35.050810999999996,-80.82214300000001,1256.0
28262,CHARLOTTE,Charlotte,NC,MECKLENBURG,Mecklenburg,35.326156,-80.746054,1007.0
28412,WILMINGTON,Wilmington,NC,NEW HANOVER,New Hanover,34.12577,-77.92095400000001,992.0
29201,COLUMBIA,Columbia,SC,RICHLAND,Richland,33.986628,-81.024826,1007.0
29414,CHARLESTON,Charleston,SC,CHARLESTON,Charleston,32.851119,-80.123542,1198.0
29464,MOUNT PLEASANT,Mount Pleasant,SC,CHARLESTON,Charleston,32.821494,-79.852362,1385.0
29492,CHARLESTON,Charleston,SC,BERKELEY,Berkeley,32.913121999999994,-79.86403299999999,1385.0
29579,MYRTLE BEACH,Myrtle Beach,SC,HORRY,Horry,33.744234999999996,-78.909453,805.0
29601,GREENVILLE,Greenville,SC,GREENVILLE,Greenville,34.847964000000005,-82.401036,1159.0
29607,GREENVILLE,Greenville,SC,GREENVILLE,Greenville,34.803774,-82.321517,1007.0
29615,GREENVILLE,Greenville,SC,GREENVILLE,Greenville,34.859823999999996,-82.294004,895.0
30022,ALPHARETTA,Alpharetta,GA,FULTON,Fulton,34.020538,-84.248746,1182.0
30004,ALPHARETTA,Alpharetta,GA,FULTON,Fulton,34.128581,-84.294854,1209.0
30005,ALPHARETTA,Alpharetta,GA,FULTON,Fulton,34.090544,-84.21828199999999,1191.0
30024,SUWANEE,Suwanee,GA,GWINNETT,Gwinnett,34.064899,-84.093288,1232.0
30033,DECATUR,Decatur,GA,DEKALB,Dekalb,33.816389,-84.286399,1247.0
30080,SMYRNA,Smyrna,GA,COBB,Cobb,33.86504,-84.498238,1124.0
30084,TUCKER,Tucker,GA,DEKALB,Dekalb,33.856021999999996,-84.21368199999999,909.0
30092,NORCROSS,Norcross,GA,GWINNETT,Gwinnett,33.968149,-84.226788,903.0
30093,NORCROSS,Norcross,GA,GWINNETT,Gwinnett,33.905946,-84.18073299999999,952.0
30096,DULUTH,Duluth,GA,GWINNETT,Gwinnett,33.982442,-84.15107900000001,1096.0
30044,LAWRENCEVILLE,Lawrenceville,GA,GWINNETT,Gwinnett,33.921576,-84.067254,986.0
30067,MARIETTA,Marietta,GA,COBB,Cobb,33.933184000000004,-84.46290400000001,940.0
30076,ROSWELL,Roswell,GA,FULTON,Fulton,34.024887,-84.311908,1164.0
30097,DULUTH,Duluth,GA,FULTON,Fulton,34.028646,-84.146826,1273.0
30144,KENNESAW,Kennesaw,GA,COBB,Cobb,34.033302,-84.59772099999999,1073.0
30263,NEWNAN,Newnan,GA,COWETA,Coweta,33.373765999999996,-84.858892,993.0
30305,ATLANTA,Atlanta,GA,FULTON,Fulton,33.834773,-84.388402,1520.0
30318,ATLANTA,Atlanta,GA,FULTON,Fulton,33.793085,-84.445357,1420.0
30319,ATLANTA,Atlanta,GA,DEKALB,Dekalb,33.877272,-84.33404200000001,1420.0
30329,ATLANTA,Atlanta,GA,DEKALB,Dekalb,33.826738,-84.32473,1269.0
30331,ATLANTA,Atlanta,GA,FULTON,Fulton,33.724790999999996,-84.580202,1159.0
30342,ATLANTA,Atlanta,GA,FULTON,Fulton,33.881859999999996,-84.3783,1329.0
30306,ATLANTA,Atlanta,GA,FULTON,Fulton,33.789038,-84.353583,1306.0
30307,ATLANTA,Atlanta,GA,FULTON,Fulton,33.774352,-84.33645200000001,1637.0
30308,ATLANTA,Atlanta,GA,FULTON,Fulton,33.769121999999996,-84.37645400000001,1642.0
30309,ATLANTA,Atlanta,GA,FULTON,Fulton,33.798463,-84.388284,1692.0
30312,ATLANTA,Atlanta,GA,FULTON,Fulton,33.743358,-84.38324300000001,1506.0
30324,ATLANTA,Atlanta,GA,FULTON,Fulton,33.819787,-84.360213,1420.0
30326,ATLANTA,Atlanta,GA,FULTON,Fulton,33.849882,-84.36109499999999,1588.0
30327,ATLANTA,Atlanta,GA,FULTON,Fulton,33.864887,-84.423887,1431.0
30328,ATLANTA,Atlanta,GA,FULTON,Fulton,33.934558,-84.395657,1393.0
30338,ATLANTA,Atlanta,GA,DEKALB,Dekalb,33.944716,-84.31805899999999,1229.0
30339,ATLANTA,Atlanta,GA,FULTON,Fulton,33.875915,-84.454631,1324.0
30346,ATLANTA,Atlanta,GA,DEKALB,Dekalb,33.924714,-84.33798399999999,1388.0
30349,ATLANTA,Atlanta,GA,FULTON,Fulton,33.62189,-84.521194,870.0
30350,ATLANTA,Atlanta,GA,FULTON,Fulton,33.983238,-84.323001,1004.0
34210,BRADENTON,Bradenton,FL,MANATEE,Manatee,27.449218,-82.642741,1025.0
34232,SARASOTA,Sarasota,FL,SARASOTA,Sarasota,27.326203999999997,-82.47223100000001,1444.0
34236,SARASOTA,Sarasota,FL,SARASOTA,Sarasota,27.326394,-82.559301,1666.0
34747,KISSIMMEE,Kissimmee,FL,OSCEOLA,Osceola,28.306137,-81.588964,1244.0
35205,BIRMINGHAM,Birmingham,AL,JEFFERSON,Jefferson,33.493464,-86.800177,752.0
35242,BIRMINGHAM,Birmingham,AL,SHELBY,Shelby,33.399602,-86.682992,778.0
35243,BIRMINGHAM,Birmingham,AL,JEFFERSON,Jefferson,33.446444,-86.740832,1069.0
35806,HUNTSVILLE,Huntsville,AL,MADISON,Madison,34.759182,-86.68964100000001,706.0
37064,FRANKLIN,Franklin,TN,WILLIAMSON,Williamson,35.883237,-86.96113299999999,1322.0
37067,FRANKLIN,Franklin,TN,WILLIAMSON,Williamson,35.908356,-86.77793199999999,1348.0
37075,HENDERSONVILLE,Hendersonville,TN,SUMNER,Sumner,36.34544,-86.601676,991.0
37203,NASHVILLE,Nashville,TN,DAVIDSON,Davidson,36.150436,-86.791327,1751.0
37204,NASHVILLE,Nashville,TN,DAVIDSON,Davidson,36.107968,-86.776186,1418.0
37211,NASHVILLE,Nashville,TN,DAVIDSON,Davidson,36.068396,-86.723889,1068.0
37212,NASHVILLE,Nashville,TN,DAVIDSON,Davidson,36.132309,-86.80362099999999,1418.0
37214,NASHVILLE,Nashville,TN,DAVIDSON,Davidson,36.167891,-86.66045600000001,974.0
38103,MEMPHIS,Memphis,TN,SHELBY,Shelby,35.15684,-90.06845,1161.0
38104,MEMPHIS,Memphis,TN,SHELBY,Shelby,35.135619,-90.00187700000001,787.0
43201,COLUMBUS,Columbus,OH,FRANKLIN,Franklin,39.995575,-82.999464,872.0
43212,COLUMBUS,Columbus,OH,FRANKLIN,Franklin,39.985613,-83.044498,1269.0
43215,COLUMBUS,Columbus,OH,FRANKLIN,Franklin,39.96866,-83.025654,1261.0
43228,COLUMBUS,Columbus,OH,FRANKLIN,Franklin,39.955048,-83.134338,685.0
44107,LAKEWOOD,Lakewood,OH,CUYAHOGA,Cuyahoga,41.482537,-81.803525,725.0
44118,CLEVELAND,Cleveland,OH,CUYAHOGA,Cuyahoga,41.504386,-81.554126,683.0
44133,NORTH ROYALTON,North Royalton,OH,CUYAHOGA,Cuyahoga,41.314626000000004,-81.743504,858.0
45069,WEST CHESTER,West Chester,OH,BUTLER,Butler,39.336464,-84.413584,1141.0
45202,CINCINNATI,Cincinnati,OH,HAMILTON,Hamilton,39.109438,-84.488499,1334.0
45208,CINCINNATI,Cincinnati,OH,HAMILTON,Hamilton,39.13687,-84.434934,892.0
45220,CINCINNATI,Cincinnati,OH,HAMILTON,Hamilton,39.147425,-84.520238,711.0
45215,CINCINNATI,Cincinnati,OH,HAMILTON,Hamilton,39.238096999999996,-84.45969699999999,804.0
46032,CARMEL,Carmel,IN,HAMILTON,Hamilton,39.972741,-86.177082,920.0
46201,INDIANAPOLIS,Indianapolis,IN,MARION,Marion,39.775737,-86.109626,556.0
46204,INDIANAPOLIS,Indianapolis,IN,MARION,Marion,39.77275,-86.159447,1312.0
46250,INDIANAPOLIS,Indianapolis,IN,MARION,Marion,39.911358,-86.07074899999999,859.0
46280,INDIANAPOLIS,Indianapolis,IN,HAMILTON,Hamilton,39.941724,-86.11153399999999,1174.0
46220,INDIANAPOLIS,Indianapolis,IN,MARION,Marion,39.866058,-86.101651,864.0
46260,INDIANAPOLIS,Indianapolis,IN,MARION,Marion,39.894529999999996,-86.181154,738.0
50266,WEST DES MOINES,West Des Moines,IA,POLK,Polk,41.559852,-93.785641,970.0
50613,CEDAR FALLS,Cedar Falls,IA,BLACK HAWK,Black Hawk,42.516968,-92.49115,720.0
53211,MILWAUKEE,Milwaukee,WI,MILWAUKEE,Milwaukee,43.081652000000005,-87.890288,797.0
53713,MADISON,Madison,WI,DANE,Dane,43.03725,-89.386868,789.0
58102,FARGO,Fargo,ND,CASS,Cass,46.925828,-96.828912,667.0
58103,FARGO,Fargo,ND,CASS,Cass,46.854703,-96.823065,549.0
59101,BILLINGS,Billings,MT,YELLOWSTONE,Yellowstone,45.66025,-108.384307,574.0
60005,ARLINGTON HEIGHTS,Arlington Heights,IL,COOK,Cook,42.058437,-87.983562,1594.0
60031,GURNEE,Gurnee,IL,LAKE,Lake,42.378177,-87.94299699999999,1270.0
60130,FOREST PARK,Forest Park,IL,COOK,Cook,41.868469,-87.818776,998.0
60202,EVANSTON,Evanston,IL,COOK,Cook,42.030255,-87.687515,1299.0
60301,OAK PARK,Oak Park,IL,COOK,Cook,41.888644,-87.798224,1834.0
60302,OAK PARK,Oak Park,IL,COOK,Cook,41.89437,-87.790112,1122.0
60446,ROMEOVILLE,Romeoville,IL,WILL,Will,41.636022,-88.095961,1325.0
60532,LISLE,Lisle,IL,DUPAGE,Dupage,41.789146,-88.084913,1243.0
60559,WESTMONT,Westmont,IL,DUPAGE,Dupage,41.793465999999995,-87.970596,1138.0
60601,CHICAGO,Chicago,IL,COOK,Cook,41.885020000000004,-87.622387,2187.0
60605,CHICAGO,Chicago,IL,COOK,Cook,41.864665,-87.61999200000001,2061.0
60606,CHICAGO,Chicago,IL,COOK,Cook,41.882934000000006,-87.636843,2161.0
60607,CHICAGO,Chicago,IL,COOK,Cook,41.874472,-87.650064,1776.0
60608,CHICAGO,Chicago,IL,COOK,Cook,41.848845000000004,-87.67125,1282.0
60610,CHICAGO,Chicago,IL,COOK,Cook,41.900143,-87.635914,1974.0
60540,NAPERVILLE,Naperville,IL,DUPAGE,Dupage,41.768946,-88.135081,1422.0
60563,NAPERVILLE,Naperville,IL,DUPAGE,Dupage,41.799902,-88.170949,1282.0
60611,CHICAGO,Chicago,IL,COOK,Cook,41.8957,-87.613564,2295.0
60613,CHICAGO,Chicago,IL,COOK,Cook,41.952023,-87.655984,1361.0
60614,CHICAGO,Chicago,IL,COOK,Cook,41.922065,-87.649316,1598.0
60615,CHICAGO,Chicago,IL,COOK,Cook,41.802202,-87.600575,1322.0
60616,CHICAGO,Chicago,IL,COOK,Cook,41.845817,-87.62474,1608.0
60618,CHICAGO,Chicago,IL,COOK,Cook,41.946568,-87.702884,1270.0
60629,CHICAGO,Chicago,IL,COOK,Cook,41.774432,-87.712733,795.0
60630,CHICAGO,Chicago,IL,COOK,Cook,41.974121999999994,-87.75779200000001,963.0
60644,CHICAGO,Chicago,IL,COOK,Cook,41.880190999999996,-87.757417,790.0
60645,CHICAGO,Chicago,IL,COOK,Cook,42.008441999999995,-87.695114,1032.0
60647,CHICAGO,Chicago,IL,COOK,Cook,41.921054,-87.702362,1495.0
60649,CHICAGO,Chicago,IL,COOK,Cook,41.766152000000005,-87.563464,792.0
60654,CHICAGO,Chicago,IL,COOK,Cook,41.888065999999995,-87.635438,2296.0
60657,CHICAGO,Chicago,IL,COOK,Cook,41.941427000000004,-87.65445799999999,1448.0
60660,CHICAGO,Chicago,IL,COOK,Cook,41.990819,-87.664971,1182.0
60661,CHICAGO,Chicago,IL,COOK,Cook,41.882865,-87.64354499999999,1904.0
60619,CHICAGO,Chicago,IL,COOK,Cook,41.743871999999996,-87.605226,750.0
60620,CHICAGO,Chicago,IL,COOK,Cook,41.74037,-87.653417,760.0
60622,CHICAGO,Chicago,IL,COOK,Cook,41.903625,-87.675881,1610.0
60625,CHICAGO,Chicago,IL,COOK,Cook,41.972002,-87.70365600000001,1250.0
60626,CHICAGO,Chicago,IL,COOK,Cook,42.010632,-87.66830999999999,1005.0
60639,CHICAGO,Chicago,IL,COOK,Cook,41.920394,-87.755987,937.0
60640,CHICAGO,Chicago,IL,COOK,Cook,41.969366,-87.655423,1271.0
60641,CHICAGO,Chicago,IL,COOK,Cook,41.946011,-87.746765,1012.0
60642,CHICAGO,Chicago,IL,COOK,Cook,41.903287,-87.660576,2040.0
61455,MACOMB,Macomb,IL,MCDONOUGH,Mcdonough,40.419525,-90.623864,453.0
61801,URBANA,Urbana,IL,CHAMPAIGN,Champaign,40.109312,-88.211906,625.0
61820,CHAMPAIGN,Champaign,IL,CHAMPAIGN,Champaign,40.113273,-88.241658,660.0
63116,SAINT LOUIS,Saint Louis,MO,SAINT LOUIS CITY,Saint Louis City,38.581532,-90.26844399999999,563.0
63118,SAINT LOUIS,Saint Louis,MO,SAINT LOUIS CITY,Saint Louis City,38.592624,-90.22936,562.0
63104,SAINT LOUIS,Saint Louis,MO,SAINT LOUIS CITY,Saint Louis City,38.607982,-90.212839,775.0
63105,SAINT LOUIS,Saint Louis,MO,SAINT LOUIS,Saint Louis,38.645329,-90.32605600000001,952.0
63108,SAINT LOUIS,Saint Louis,MO,SAINT LOUIS CITY,Saint Louis City,38.644609,-90.251982,1182.0
63112,SAINT LOUIS,Saint Louis,MO,SAINT LOUIS CITY,Saint Louis City,38.660906,-90.28210200000001,788.0
64131,KANSAS CITY,Kansas City,MO,JACKSON,Jackson,38.960276,-94.57555500000001,650.0
64106,KANSAS CITY,Kansas City,MO,JACKSON,Jackson,39.10621,-94.573278,1099.0
64109,KANSAS CITY,Kansas City,MO,JACKSON,Jackson,39.06606,-94.567489,789.0
64111,KANSAS CITY,Kansas City,MO,JACKSON,Jackson,39.057303999999995,-94.59371,938.0
64112,KANSAS CITY,Kansas City,MO,JACKSON,Jackson,39.036082,-94.59500600000001,1068.0
65401,ROLLA,Rolla,MO,PHELPS,Phelps,37.889687,-91.82741,450.0
65584,SAINT ROBERT,Saint Robert,MO,PULASKI,Pulaski,37.838615999999995,-92.143222,542.0
65802,SPRINGFIELD,Springfield,MO,GREENE,Greene,37.22078,-93.328184,459.0
65806,SPRINGFIELD,Springfield,MO,GREENE,Greene,37.206123999999996,-93.303335,517.0
66202,MISSION,Mission,KS,JOHNSON,Johnson,39.024654,-94.669995,802.0
66213,OVERLAND PARK,Overland Park,KS,JOHNSON,Johnson,38.898367,-94.70500200000001,1045.0
66502,MANHATTAN,Manhattan,KS,RILEY,Riley,39.171248,-96.547604,602.0
68131,OMAHA,Omaha,NE,DOUGLAS,Douglas,41.263604,-95.964912,770.0
68116,OMAHA,Omaha,NE,DOUGLAS,Douglas,41.299012,-96.16725500000001,843.0
68123,BELLEVUE,Bellevue,NE,SARPY,Sarpy,41.109266,-95.93467,761.0
68504,LINCOLN,Lincoln,NE,LANCASTER,Lancaster,40.853626,-96.661705,833.0
70112,NEW ORLEANS,New Orleans,LA,ORLEANS,Orleans,29.95822,-90.076714,1607.0
70115,NEW ORLEANS,New Orleans,LA,ORLEANS,Orleans,29.926454,-90.098248,1179.0
70118,NEW ORLEANS,New Orleans,LA,ORLEANS,Orleans,29.9452,-90.123979,1020.0
70119,NEW ORLEANS,New Orleans,LA,ORLEANS,Orleans,29.973581,-90.085678,974.0
70130,NEW ORLEANS,New Orleans,LA,ORLEANS,Orleans,29.938805,-90.07235,1405.0
71111,BOSSIER CITY,Bossier City,LA,BOSSIER,Bossier,32.569513,-93.69414499999999,898.0
71112,BOSSIER CITY,Bossier City,LA,BOSSIER,Bossier,32.449728,-93.636786,862.0
75001,ADDISON,Addison,TX,DALLAS,Dallas,32.959787,-96.838472,1276.0
75010,CARROLLTON,Carrollton,TX,DENTON,Denton,33.029434,-96.897384,1123.0
75013,ALLEN,Allen,TX,COLLIN,Collin,33.114508,-96.692428,1109.0
75024,PLANO,Plano,TX,COLLIN,Collin,33.08382,-96.81280100000001,1253.0
75025,PLANO,Plano,TX,COLLIN,Collin,33.095683,-96.72930799999999,1082.0
75044,GARLAND,Garland,TX,DALLAS,Dallas,32.957864,-96.645241,1042.0
75050,GRAND PRAIRIE,Grand Prairie,TX,DALLAS,Dallas,32.777314000000004,-96.9892,1012.0
75052,GRAND PRAIRIE,Grand Prairie,TX,DALLAS,Dallas,32.658888,-97.01187900000001,1093.0
75056,THE COLONY,The Colony,TX,DENTON,Denton,33.072392,-96.907001,1078.0
75061,IRVING,Irving,TX,DALLAS,Dallas,32.825584,-96.962328,857.0
75063,IRVING,Irving,TX,DALLAS,Dallas,32.919517,-96.97742099999999,1065.0
75067,LEWISVILLE,Lewisville,TX,DENTON,Denton,33.01972,-96.99141,905.0
75080,RICHARDSON,Richardson,TX,DALLAS,Dallas,32.967704,-96.73876,1316.0
75081,RICHARDSON,Richardson,TX,DALLAS,Dallas,32.94935,-96.715602,1168.0
75082,RICHARDSON,Richardson,TX,DALLAS,Dallas,32.99272,-96.664312,1396.0
75093,PLANO,Plano,TX,COLLIN,Collin,33.036713,-96.81353299999999,1141.0
75150,MESQUITE,Mesquite,TX,DALLAS,Dallas,32.8199,-96.63513499999999,847.0
75034,FRISCO,Frisco,TX,DENTON,Denton,33.150307,-96.879615,1193.0
75035,FRISCO,Frisco,TX,COLLIN,Collin,33.161516,-96.769231,1323.0
75038,IRVING,Irving,TX,DALLAS,Dallas,32.875007000000004,-96.98328000000001,1038.0
75039,IRVING,Irving,TX,DALLAS,Dallas,32.881308000000004,-96.944848,1468.0
75070,MCKINNEY,Mckinney,TX,COLLIN,Collin,33.170868,-96.692524,1055.0
75071,MCKINNEY,Mckinney,TX,COLLIN,Collin,33.255221999999996,-96.62284100000001,956.0
75074,PLANO,Plano,TX,COLLIN,Collin,33.038835999999996,-96.670924,1127.0
75201,DALLAS,Dallas,TX,DALLAS,Dallas,32.787706,-96.79985,1595.0
75202,DALLAS,Dallas,TX,DALLAS,Dallas,32.77991,-96.80274399999999,1504.0
75204,DALLAS,Dallas,TX,DALLAS,Dallas,32.801944,-96.787577,1448.0
75205,DALLAS,Dallas,TX,DALLAS,Dallas,32.833389000000004,-96.793911,1577.0
75206,DALLAS,Dallas,TX,DALLAS,Dallas,32.833452,-96.77170600000001,1422.0
75207,DALLAS,Dallas,TX,DALLAS,Dallas,32.781467,-96.821474,1359.0
75208,DALLAS,Dallas,TX,DALLAS,Dallas,32.751471,-96.838668,1340.0
75209,DALLAS,Dallas,TX,DALLAS,Dallas,32.844254,-96.833186,1296.0
75214,DALLAS,Dallas,TX,DALLAS,Dallas,32.826449,-96.745324,1092.0
75219,DALLAS,Dallas,TX,DALLAS,Dallas,32.805428000000006,-96.814226,1468.0
75228,DALLAS,Dallas,TX,DALLAS,Dallas,32.825202000000004,-96.68199,700.0
75252,DALLAS,Dallas,TX,COLLIN,Collin,32.995663,-96.78588,961.0
75254,DALLAS,Dallas,TX,DALLAS,Dallas,32.946397,-96.799501,980.0
75235,DALLAS,Dallas,TX,DALLAS,Dallas,32.831295000000004,-96.845969,1383.0
75243,DALLAS,Dallas,TX,DALLAS,Dallas,32.913819000000004,-96.73349499999999,825.0
75244,DALLAS,Dallas,TX,DALLAS,Dallas,32.930328,-96.835261,1356.0
75287,DALLAS,Dallas,TX,COLLIN,Collin,33.002005,-96.84312,932.0
75703,TYLER,Tyler,TX,SMITH,Smith,32.230123,-95.341494,749.0
76011,ARLINGTON,Arlington,TX,TARRANT,Tarrant,32.756122999999995,-97.07696,847.0
76015,ARLINGTON,Arlington,TX,TARRANT,Tarrant,32.690909999999995,-97.134446,1052.0
76039,EULESS,Euless,TX,TARRANT,Tarrant,32.859294,-97.078082,1048.0
76040,EULESS,Euless,TX,TARRANT,Tarrant,32.816483000000005,-97.107439,802.0
76006,ARLINGTON,Arlington,TX,TARRANT,Tarrant,32.788636,-97.092993,893.0
76051,GRAPEVINE,Grapevine,TX,TARRANT,Tarrant,32.93529,-97.068689,1290.0
76102,FORT WORTH,Fort Worth,TX,TARRANT,Tarrant,32.758642,-97.33258000000001,1302.0
76107,FORT WORTH,Fort Worth,TX,TARRANT,Tarrant,32.74308,-97.378045,1343.0
76132,FORT WORTH,Fort Worth,TX,TARRANT,Tarrant,32.670747,-97.415816,820.0
76244,KELLER,Keller,TX,TARRANT,Tarrant,32.9347,-97.2515,1117.0
76541,KILLEEN,Killeen,TX,BELL,Bell,31.113121000000003,-97.728573,395.0
77008,HOUSTON,Houston,TX,HARRIS,Harris,29.798348999999998,-95.41909,1282.0
77019,HOUSTON,Houston,TX,HARRIS,Harris,29.752453000000003,-95.411683,1357.0
77024,HOUSTON,Houston,TX,HARRIS,Harris,29.76378,-95.500466,1493.0
77025,HOUSTON,Houston,TX,HARRIS,Harris,29.679892,-95.43108000000001,1266.0
77027,HOUSTON,Houston,TX,HARRIS,Harris,29.746277000000003,-95.447496,1514.0
77042,HOUSTON,Houston,TX,HARRIS,Harris,29.741868,-95.558216,950.0
77043,HOUSTON,Houston,TX,HARRIS,Harris,29.808391999999998,-95.571706,1239.0
77063,HOUSTON,Houston,TX,HARRIS,Harris,29.739926,-95.52375500000001,1140.0
77064,HOUSTON,Houston,TX,HARRIS,Harris,29.930709999999998,-95.542772,890.0
77065,HOUSTON,Houston,TX,HARRIS,Harris,29.921504,-95.609378,898.0
77070,HOUSTON,Houston,TX,HARRIS,Harris,29.977821000000002,-95.575588,1039.0
77077,HOUSTON,Houston,TX,HARRIS,Harris,29.754966999999997,-95.60945600000001,1031.0
77079,HOUSTON,Houston,TX,HARRIS,Harris,29.774952000000003,-95.601865,1312.0
77082,HOUSTON,Houston,TX,HARRIS,Harris,29.722007,-95.63189100000001,955.0
77084,HOUSTON,Houston,TX,HARRIS,Harris,29.832593,-95.648185,972.0
77090,HOUSTON,Houston,TX,HARRIS,Harris,30.001752000000003,-95.44742,800.0
77096,HOUSTON,Houston,TX,HARRIS,Harris,29.673596999999997,-95.477725,781.0
77098,HOUSTON,Houston,TX,HARRIS,Harris,29.734388,-95.415938,1470.0
77003,HOUSTON,Houston,TX,HARRIS,Harris,29.748828999999997,-95.34384200000001,1346.0
77004,HOUSTON,Houston,TX,HARRIS,Harris,29.72717,-95.361846,1667.0
77005,HOUSTON,Houston,TX,HARRIS,Harris,29.717415999999997,-95.41873199999999,1632.0
77006,HOUSTON,Houston,TX,HARRIS,Harris,29.739568,-95.38825200000001,1586.0
77007,HOUSTON,Houston,TX,HARRIS,Harris,29.770418,-95.410576,1520.0
77036,HOUSTON,Houston,TX,HARRIS,Harris,29.693487,-95.525609,693.0
77054,HOUSTON,Houston,TX,HARRIS,Harris,29.678340000000002,-95.409522,1204.0
77056,HOUSTON,Houston,TX,HARRIS,Harris,29.749183000000002,-95.46743000000001,1548.0
77339,KINGWOOD,Kingwood,TX,HARRIS,Harris,30.052978999999997,-95.22268000000001,984.0
77379,SPRING,Spring,TX,HARRIS,Harris,30.038541,-95.532552,964.0
77380,SPRING,Spring,TX,MONTGOMERY,Montgomery,30.140702,-95.472433,1186.0
77382,SPRING,Spring,TX,MONTGOMERY,Montgomery,30.199368,-95.534951,994.0
77384,CONROE,Conroe,TX,MONTGOMERY,Montgomery,30.228879,-95.50149,1112.0
77449,KATY,Katy,TX,HARRIS,Harris,29.832544,-95.732372,961.0
77450,KATY,Katy,TX,HARRIS,Harris,29.743695000000002,-95.731768,1142.0
77477,STAFFORD,Stafford,TX,FORT BEND,Fort Bend,29.627385999999998,-95.56262199999999,1065.0
77494,KATY,Katy,TX,FORT BEND,Fort Bend,29.740187,-95.83018,1194.0
77521,BAYTOWN,Baytown,TX,HARRIS,Harris,29.802893,-94.970966,1207.0
77573,LEAGUE CITY,League City,TX,GALVESTON,Galveston,29.511640999999997,-95.087068,1020.0
77598,WEBSTER,Webster,TX,HARRIS,Harris,29.549257,-95.139173,1014.0
77584,PEARLAND,Pearland,TX,BRAZORIA,Brazoria,29.542806,-95.34569499999999,1118.0
78130,NEW BRAUNFELS,New Braunfels,TX,COMAL,Comal,29.70097,-98.07673100000001,1013.0
78148,UNIVERSAL CITY,Universal City,TX,BEXAR,Bexar,29.549673,-98.30131999999999,839.0
78201,SAN ANTONIO,San Antonio,TX,BEXAR,Bexar,29.472779,-98.53564300000001,690.0
78215,SAN ANTONIO,San Antonio,TX,BEXAR,Bexar,29.442018,-98.481652,1533.0
78216,SAN ANTONIO,San Antonio,TX,BEXAR,Bexar,29.535443,-98.48138,739.0
78217,SAN ANTONIO,San Antonio,TX,BEXAR,Bexar,29.549874,-98.426288,701.0
78218,SAN ANTONIO,San Antonio,TX,BEXAR,Bexar,29.488568,-98.394368,763.0
78229,SAN ANTONIO,San Antonio,TX,BEXAR,Bexar,29.507861,-98.574896,862.0
78230,SAN ANTONIO,San Antonio,TX,BEXAR,Bexar,29.542768,-98.55960999999999,829.0
78232,SAN ANTONIO,San Antonio,TX,BEXAR,Bexar,29.581690000000002,-98.474161,813.0
78233,SAN ANTONIO,San Antonio,TX,BEXAR,Bexar,29.556682000000002,-98.364932,791.0
78238,SAN ANTONIO,San Antonio,TX,BEXAR,Bexar,29.473788,-98.612205,714.0
78240,SAN ANTONIO,San Antonio,TX,BEXAR,Bexar,29.518456,-98.609732,808.0
78245,SAN ANTONIO,San Antonio,TX,BEXAR,Bexar,29.411396000000003,-98.717398,842.0
78249,SAN ANTONIO,San Antonio,TX,BEXAR,Bexar,29.569389,-98.613938,967.0
78251,SAN ANTONIO,San Antonio,TX,BEXAR,Bexar,29.465293,-98.6692,932.0
78253,SAN ANTONIO,San Antonio,TX,BEXAR,Bexar,29.471996,-98.796976,894.0
78256,SAN ANTONIO,San Antonio,TX,BEXAR,Bexar,29.626112,-98.629959,1221.0
78258,SAN ANTONIO,San Antonio,TX,BEXAR,Bexar,29.658406,-98.504776,1022.0
78204,SAN ANTONIO,San Antonio,TX,BEXAR,Bexar,29.406044,-98.507786,1434.0
78209,SAN ANTONIO,San Antonio,TX,BEXAR,Bexar,29.48562,-98.458175,1058.0
78213,SAN ANTONIO,San Antonio,TX,BEXAR,Bexar,29.520217,-98.528196,742.0
78413,CORPUS CHRISTI,Corpus Christi,TX,NUECES,Nueces,27.682174,-97.40324,872.0
78414,CORPUS CHRISTI,Corpus Christi,TX,NUECES,Nueces,27.664568,-97.368114,1166.0
78613,CEDAR PARK,Cedar Park,TX,WILLIAMSON,Williamson,30.497998,-97.815694,1006.0
80017,AURORA,Aurora,CO,ARAPAHOE,Arapahoe,39.698109,-104.781797,1055.0
80020,BROOMFIELD,Broomfield,CO,BROOMFIELD,Broomfield,39.920899,-105.07700600000001,1531.0
80021,BROOMFIELD,Broomfield,CO,JEFFERSON,Jefferson,39.892612,-105.1492,1448.0
80010,AURORA,Aurora,CO,ARAPAHOE,Arapahoe,39.739826,-104.856217,898.0
80012,AURORA,Aurora,CO,ARAPAHOE,Arapahoe,39.703795,-104.837948,1127.0
80014,AURORA,Aurora,CO,ARAPAHOE,Arapahoe,39.6577,-104.845028,1152.0
80016,AURORA,Aurora,CO,ARAPAHOE,Arapahoe,39.602188,-104.713858,1356.0
80110,ENGLEWOOD,Englewood,CO,ARAPAHOE,Arapahoe,39.649278,-105.011248,1319.0
80111,ENGLEWOOD,Englewood,CO,ARAPAHOE,Arapahoe,39.62401,-104.871963,1464.0
80123,LITTLETON,Littleton,CO,JEFFERSON,Jefferson,39.613606,-105.063244,1351.0
80124,LONE TREE,Lone Tree,CO,DOUGLAS,Douglas,39.516974,-104.93578400000001,1435.0
80134,PARKER,Parker,CO,DOUGLAS,Douglas,39.489446,-104.768772,1328.0
80202,DENVER,Denver,CO,DENVER,Denver,39.752627000000004,-104.99808600000001,2086.0
80203,DENVER,Denver,CO,DENVER,Denver,39.732026,-104.982468,1352.0
80204,DENVER,Denver,CO,DENVER,Denver,39.737736,-105.02031699999999,1708.0
80205,DENVER,Denver,CO,DENVER,Denver,39.758340999999994,-104.96767,1647.0
80206,DENVER,Denver,CO,DENVER,Denver,39.730725,-104.95321000000001,1436.0
80112,ENGLEWOOD,Englewood,CO,ARAPAHOE,Arapahoe,39.565706,-104.857828,1572.0
80127,LITTLETON,Littleton,CO,JEFFERSON,Jefferson,39.533291999999996,-105.15699,1416.0
80129,LITTLETON,Littleton,CO,DOUGLAS,Douglas,39.542305999999996,-105.010866,1404.0
80209,DENVER,Denver,CO,DENVER,Denver,39.705644,-104.964853,1655.0
80216,DENVER,Denver,CO,DENVER,Denver,39.784905,-104.94193200000001,1628.0
80218,DENVER,Denver,CO,DENVER,Denver,39.732366999999996,-104.97130800000001,1224.0
80228,DENVER,Denver,CO,JEFFERSON,Jefferson,39.69142,-105.156062,1493.0
80229,DENVER,Denver,CO,ADAMS,Adams,39.848632,-104.95063400000001,1325.0
80231,DENVER,Denver,CO,DENVER,Denver,39.675748,-104.886004,1242.0
80233,DENVER,Denver,CO,ADAMS,Adams,39.899507,-104.94679599999999,1295.0
80234,DENVER,Denver,CO,ADAMS,Adams,39.914066999999996,-105.010998,1319.0
80237,DENVER,Denver,CO,DENVER,Denver,39.638475,-104.905946,1437.0
80301,BOULDER,Boulder,CO,BOULDER,Boulder,40.048024,-105.20679799999999,1634.0
80220,DENVER,Denver,CO,DENVER,Denver,39.731077,-104.912719,1112.0
80223,DENVER,Denver,CO,DENVER,Denver,39.692916,-105.003914,1628.0
80224,DENVER,Denver,CO,DENVER,Denver,39.685286,-104.91238700000001,1242.0
80226,DENVER,Denver,CO,JEFFERSON,Jefferson,39.71069,-105.090842,1475.0
80238,DENVER,Denver,CO,DENVER,Denver,39.769003999999995,-104.88001200000001,1710.0
80241,THORNTON,Thornton,CO,ADAMS,Adams,39.928444,-104.95583899999998,1239.0
80246,DENVER,Denver,CO,DENVER,Denver,39.704601000000004,-104.93123600000001,1107.0
80247,DENVER,Denver,CO,ARAPAHOE,Arapahoe,39.693021,-104.884772,1332.0
80302,BOULDER,Boulder,CO,BOULDER,Boulder,40.048078000000004,-105.38018000000001,1500.0
80303,BOULDER,Boulder,CO,BOULDER,Boulder,39.953231,-105.22666000000001,1400.0
80304,BOULDER,Boulder,CO,BOULDER,Boulder,40.045179,-105.29195800000001,1466.0
80401,GOLDEN,Golden,CO,JEFFERSON,Jefferson,39.714017,-105.244101,1615.0
80503,LONGMONT,Longmont,CO,BOULDER,Boulder,40.179731,-105.20545,1368.0
84102,SALT LAKE CITY,Salt Lake City,UT,SALT LAKE,Salt Lake,40.75958,-111.8624,937.0
85013,PHOENIX,Phoenix,AZ,MARICOPA,Maricopa,33.50938,-112.082548,993.0
85014,PHOENIX,Phoenix,AZ,MARICOPA,Maricopa,33.509254,-112.05628600000001,881.0
85016,PHOENIX,Phoenix,AZ,MARICOPA,Maricopa,33.516952,-112.021401,1265.0
85024,PHOENIX,Phoenix,AZ,MARICOPA,Maricopa,33.690926,-112.04172,988.0
85027,PHOENIX,Phoenix,AZ,MARICOPA,Maricopa,33.678258,-112.09981599999999,770.0
85032,PHOENIX,Phoenix,AZ,MARICOPA,Maricopa,33.625362,-112.005881,997.0
85044,PHOENIX,Phoenix,AZ,MARICOPA,Maricopa,33.341662,-111.99241200000002,974.0
85054,PHOENIX,Phoenix,AZ,MARICOPA,Maricopa,33.683424,-111.95136000000001,1260.0
85004,PHOENIX,Phoenix,AZ,MARICOPA,Maricopa,33.45064,-112.069406,1484.0
85008,PHOENIX,Phoenix,AZ,MARICOPA,Maricopa,33.46334,-111.984771,965.0
85202,MESA,Mesa,AZ,MARICOPA,Maricopa,33.385764,-111.87558600000001,836.0
85224,CHANDLER,Chandler,AZ,MARICOPA,Maricopa,33.324126,-111.87687199999999,1011.0
85226,CHANDLER,Chandler,AZ,MARICOPA,Maricopa,33.266332,-111.943009,1057.0
85251,SCOTTSDALE,Scottsdale,AZ,MARICOPA,Maricopa,33.494096,-111.922881,1327.0
85255,SCOTTSDALE,Scottsdale,AZ,MARICOPA,Maricopa,33.663643,-111.8085,1253.0
85260,SCOTTSDALE,Scottsdale,AZ,MARICOPA,Maricopa,33.610962,-111.89011399999998,1142.0
85282,TEMPE,Tempe,AZ,MARICOPA,Maricopa,33.393896000000005,-111.92906200000002,929.0
85283,TEMPE,Tempe,AZ,MARICOPA,Maricopa,33.363884000000006,-111.935477,971.0
85382,PEORIA,Peoria,AZ,MARICOPA,Maricopa,33.651723,-112.24621299999998,980.0
85716,TUCSON,Tucson,AZ,PIMA,Pima,32.244944,-110.923397,590.0
85718,TUCSON,Tucson,AZ,PIMA,Pima,32.313340000000004,-110.91798700000001,710.0
85719,TUCSON,Tucson,AZ,PIMA,Pima,32.248016,-110.94741299999998,632.0
85705,TUCSON,Tucson,AZ,PIMA,Pima,32.269386,-111.004044,599.0
85712,TUCSON,Tucson,AZ,PIMA,Pima,32.254758,-110.88362,542.0
87114,ALBUQUERQUE,Albuquerque,NM,BERNALILLO,Bernalillo,35.125938,-106.799894,810.0
87108,ALBUQUERQUE,Albuquerque,NM,BERNALILLO,Bernalillo,35.06928,-106.57746100000001,562.0
87111,ALBUQUERQUE,Albuquerque,NM,BERNALILLO,Bernalillo,35.129602,-106.49471000000001,752.0
88101,CLOVIS,Clovis,NM,CURRY,Curry,34.509263,-103.280274,542.0
89052,HENDERSON,Henderson,NV,CLARK,Clark,35.981602,-115.11320400000001,1216.0
89074,HENDERSON,Henderson,NV,CLARK,Clark,36.031252,-115.07386799999999,1061.0
89117,LAS VEGAS,Las Vegas,NV,CLARK,Clark,36.142384,-115.27934099999999,982.0
89119,LAS VEGAS,Las Vegas,NV,CLARK,Clark,36.089546999999996,-115.149607,650.0
89121,LAS VEGAS,Las Vegas,NV,CLARK,Clark,36.12281,-115.08901499999999,862.0
89123,LAS VEGAS,Las Vegas,NV,CLARK,Clark,36.035396,-115.149548,1035.0
89103,LAS VEGAS,Las Vegas,NV,CLARK,Clark,36.111646,-115.211941,913.0
89109,LAS VEGAS,Las Vegas,NV,CLARK,Clark,36.122508,-115.15858899999999,1648.0
89113,LAS VEGAS,Las Vegas,NV,CLARK,Clark,36.060082,-115.26444,1178.0
89128,LAS VEGAS,Las Vegas,NV,CLARK,Clark,36.197963,-115.26581599999999,943.0
90004,LOS ANGELES,Los Angeles,CA,LOS ANGELES,Los Angeles,34.076067,-118.310767,1750.0
90017,LOS ANGELES,Los Angeles,CA,LOS ANGELES,Los Angeles,34.05285,-118.264858,2606.0
90019,LOS ANGELES,Los Angeles,CA,LOS ANGELES,Los Angeles,34.048545000000004,-118.339502,1777.0
90020,LOS ANGELES,Los Angeles,CA,LOS ANGELES,Los Angeles,34.066086,-118.31140400000001,1688.0
90024,LOS ANGELES,Los Angeles,CA,LOS ANGELES,Los Angeles,34.065677,-118.43408799999999,3021.0
90025,LOS ANGELES,Los Angeles,CA,LOS ANGELES,Los Angeles,34.045358,-118.443574,2128.0
90026,LOS ANGELES,Los Angeles,CA,LOS ANGELES,Los Angeles,34.076068,-118.26233899999998,2015.0
90034,LOS ANGELES,Los Angeles,CA,LOS ANGELES,Los Angeles,34.029334000000006,-118.399406,2098.0
90035,LOS ANGELES,Los Angeles,CA,LOS ANGELES,Los Angeles,34.052107,-118.385271,1980.0
90036,LOS ANGELES,Los Angeles,CA,LOS ANGELES,Los Angeles,34.070436,-118.350486,2586.0
90012,LOS ANGELES,Los Angeles,CA,LOS ANGELES,Los Angeles,34.065549,-118.24054,2296.0
90015,LOS ANGELES,Los Angeles,CA,LOS ANGELES,Los Angeles,34.040499,-118.267022,2565.0
90027,LOS ANGELES,Los Angeles,CA,LOS ANGELES,Los Angeles,34.128046000000005,-118.289065,1853.0
90028,LOS ANGELES,Los Angeles,CA,LOS ANGELES,Los Angeles,34.099603,-118.327532,2608.0
90042,LOS ANGELES,Los Angeles,CA,LOS ANGELES,Los Angeles,34.113302000000004,-118.19149399999999,1677.0
90049,LOS ANGELES,Los Angeles,CA,LOS ANGELES,Los Angeles,34.086348,-118.48826000000001,2329.0
90064,LOS ANGELES,Los Angeles,CA,LOS ANGELES,Los Angeles,34.037084,-118.427894,2203.0
90066,LOS ANGELES,Los Angeles,CA,LOS ANGELES,Los Angeles,34.00015,-118.432598,2120.0
90068,LOS ANGELES,Los Angeles,CA,LOS ANGELES,Los Angeles,34.129853000000004,-118.33545600000001,2090.0
90045,LOS ANGELES,Los Angeles,CA,LOS ANGELES,Los Angeles,33.955073999999996,-118.402,2437.0
90046,LOS ANGELES,Los Angeles,CA,LOS ANGELES,Los Angeles,34.10727,-118.36889,2148.0
90048,LOS ANGELES,Los Angeles,CA,LOS ANGELES,Los Angeles,34.070997,-118.376175,2443.0
90094,LOS ANGELES,Los Angeles,CA,LOS ANGELES,Los Angeles,33.976228000000006,-118.417096,3476.0
92101,SAN DIEGO,San Diego,CA,SAN DIEGO,San Diego,32.719907,-117.18052800000001,2568.0
92102,SAN DIEGO,San Diego,CA,SAN DIEGO,San Diego,32.722449,-117.11696,1456.0
92103,SAN DIEGO,San Diego,CA,SAN DIEGO,San Diego,32.745427,-117.17017,1638.0
92104,SAN DIEGO,San Diego,CA,SAN DIEGO,San Diego,32.7398,-117.128405,1495.0
92105,SAN DIEGO,San Diego,CA,SAN DIEGO,San Diego,32.736614,-117.08939299999999,1287.0
92107,SAN DIEGO,San Diego,CA,SAN DIEGO,San Diego,32.735009000000005,-117.24107,1708.0
92108,SAN DIEGO,San Diego,CA,SAN DIEGO,San Diego,32.774,-117.147448,1953.0
92109,SAN DIEGO,San Diego,CA,SAN DIEGO,San Diego,32.7907,-117.23358600000002,1768.0
92128,SAN DIEGO,San Diego,CA,SAN DIEGO,San Diego,32.99416,-117.075305,1785.0
92130,SAN DIEGO,San Diego,CA,SAN DIEGO,San Diego,32.947024,-117.20220400000001,2520.0
92115,SAN DIEGO,San Diego,CA,SAN DIEGO,San Diego,32.756669,-117.07080500000001,1325.0
92116,SAN DIEGO,San Diego,CA,SAN DIEGO,San Diego,32.766424,-117.129194,1480.0
92122,SAN DIEGO,San Diego,CA,SAN DIEGO,San Diego,32.856744,-117.20716999999999,2009.0
92123,SAN DIEGO,San Diego,CA,SAN DIEGO,San Diego,32.808749,-117.13760900000001,2108.0
92124,SAN DIEGO,San Diego,CA,SAN DIEGO,San Diego,32.819976000000004,-117.09177,2107.0
92126,SAN DIEGO,San Diego,CA,SAN DIEGO,San Diego,32.911042,-117.144792,1803.0
92154,SAN DIEGO,San Diego,CA,SAN DIEGO,San Diego,32.567848,-116.990264,1707.0
94010,BURLINGAME,Burlingame,CA,SAN MATEO,San Mateo,37.567832,-122.36944799999999,2521.0
94085,SUNNYVALE,Sunnyvale,CA,SANTA CLARA,Santa Clara,37.3886,-122.016779,2690.0
94086,SUNNYVALE,Sunnyvale,CA,SANTA CLARA,Santa Clara,37.36965,-122.02421000000001,2296.0
94087,SUNNYVALE,Sunnyvale,CA,SANTA CLARA,Santa Clara,37.35351,-122.03047600000001,2492.0
94102,SAN FRANCISCO,San Francisco,CA,SAN FRANCISCO,San Francisco,37.779392,-122.41773799999999,3729.0
94103,SAN FRANCISCO,San Francisco,CA,SAN FRANCISCO,San Francisco,37.775504,-122.41292,3527.0
94105,SAN FRANCISCO,San Francisco,CA,SAN FRANCISCO,San Francisco,37.788543,-122.393872,4018.0
94107,SAN FRANCISCO,San Francisco,CA,SAN FRANCISCO,San Francisco,37.76785,-122.39286100000001,3630.0
94109,SAN FRANCISCO,San Francisco,CA,SAN FRANCISCO,San Francisco,37.796164000000005,-122.42090300000001,3194.0
94110,SAN FRANCISCO,San Francisco,CA,SAN FRANCISCO,San Francisco,37.748676,-122.41581299999999,3411.0
94114,SAN FRANCISCO,San Francisco,CA,SAN FRANCISCO,San Francisco,37.758229,-122.43951200000001,3492.0
94115,SAN FRANCISCO,San Francisco,CA,SAN FRANCISCO,San Francisco,37.78597,-122.43726200000002,3295.0
94117,SAN FRANCISCO,San Francisco,CA,SAN FRANCISCO,San Francisco,37.769165,-122.442497,3131.0
94118,SAN FRANCISCO,San Francisco,CA,SAN FRANCISCO,San Francisco,37.782354999999995,-122.46079499999999,2699.0
93906,SALINAS,Salinas,CA,MONTEREY,Monterey,36.729246999999994,-121.620125,1502.0
94025,MENLO PARK,Menlo Park,CA,SAN MATEO,San Mateo,37.459034,-122.18605500000001,2672.0
94063,REDWOOD CITY,Redwood City,CA,SAN MATEO,San Mateo,37.505169,-122.204796,3638.0
94066,SAN BRUNO,San Bruno,CA,SAN MATEO,San Mateo,37.618276,-122.434615,2544.0
94121,SAN FRANCISCO,San Francisco,CA,SAN FRANCISCO,San Francisco,37.780871000000005,-122.49528500000001,2652.0
94122,SAN FRANCISCO,San Francisco,CA,SAN FRANCISCO,San Francisco,37.761959000000004,-122.483125,2710.0
94123,SAN FRANCISCO,San Francisco,CA,SAN FRANCISCO,San Francisco,37.801844,-122.436531,3467.0
94133,SAN FRANCISCO,San Francisco,CA,SAN FRANCISCO,San Francisco,37.811747,-122.41301999999999,3207.0
94158,SAN FRANCISCO,San Francisco,CA,SAN FRANCISCO,San Francisco,37.770812,-122.39074,3956.0
94306,PALO ALTO,Palo Alto,CA,SANTA CLARA,Santa Clara,37.411846000000004,-122.1295,2503.0
94401,SAN MATEO,San Mateo,CA,SAN MATEO,San Mateo,37.5742,-122.319392,2506.0
94403,SAN MATEO,San Mateo,CA,SAN MATEO,San Mateo,37.540657,-122.304154,2802.0
94404,SAN MATEO,San Mateo,CA,SAN MATEO,San Mateo,37.554668,-122.269384,2975.0
94501,ALAMEDA,Alameda,CA,ALAMEDA,Alameda,37.773545,-122.27848700000001,1953.0
94536,FREMONT,Fremont,CA,ALAMEDA,Alameda,37.566990000000004,-121.982656,2369.0
94538,FREMONT,Fremont,CA,ALAMEDA,Alameda,37.510101,-121.986139,2356.0
94544,HAYWARD,Hayward,CA,ALAMEDA,Alameda,37.636814,-122.049426,1840.0
94568,DUBLIN,Dublin,CA,ALAMEDA,Alameda,37.716294,-121.912438,2483.0
94607,OAKLAND,Oakland,CA,ALAMEDA,Alameda,37.810945000000004,-122.3007,2678.0
94608,EMERYVILLE,Emeryville,CA,ALAMEDA,Alameda,37.83466,-122.291944,2512.0
94582,SAN RAMON,San Ramon,CA,CONTRA COSTA,Contra Costa,37.763537,-121.91206000000001,1995.0
94583,SAN RAMON,San Ramon,CA,CONTRA COSTA,Contra Costa,37.769921999999994,-122.001446,1941.0
94588,PLEASANTON,Pleasanton,CA,ALAMEDA,Alameda,37.690215,-121.90223,2346.0
95008,CAMPBELL,Campbell,CA,SANTA CLARA,Santa Clara,37.279015,-121.956694,2438.0
95014,CUPERTINO,Cupertino,CA,SANTA CLARA,Santa Clara,37.294256,-122.09444099999999,2609.0
95050,SANTA CLARA,Santa Clara,CA,SANTA CLARA,Santa Clara,37.351479,-121.950818,2328.0
95051,SANTA CLARA,Santa Clara,CA,SANTA CLARA,Santa Clara,37.350372,-121.98475,2360.0
95110,SAN JOSE,San Jose,CA,SANTA CLARA,Santa Clara,37.342165,-121.906775,2719.0
95112,SAN JOSE,San Jose,CA,SANTA CLARA,Santa Clara,37.341544,-121.881824,2392.0
95123,SAN JOSE,San Jose,CA,SANTA CLARA,Santa Clara,37.240714000000004,-121.82688300000001,2421.0
95126,SAN JOSE,San Jose,CA,SANTA CLARA,Santa Clara,37.324144,-121.915012,2552.0
95128,SAN JOSE,San Jose,CA,SANTA CLARA,Santa Clara,37.316213,-121.93253600000001,2126.0
95129,SAN JOSE,San Jose,CA,SANTA CLARA,Santa Clara,37.307495,-122.002234,2305.0
95134,SAN JOSE,San Jose,CA,SANTA CLARA,Santa Clara,37.424813,-121.945999,2756.0
95136,SAN JOSE,San Jose,CA,SANTA CLARA,Santa Clara,37.272482000000004,-121.843473,2262.0
95630,FOLSOM,Folsom,CA,SACRAMENTO,Sacramento,38.664532,-121.145,1478.0
95816,SACRAMENTO,Sacramento,CA,SACRAMENTO,Sacramento,38.57586,-121.46441599999999,1285.0
95825,SACRAMENTO,Sacramento,CA,SACRAMENTO,Sacramento,38.585164,-121.401198,1063.0
96817,HONOLULU,Honolulu,HI,HONOLULU,Honolulu,21.338849,-157.837351,1673.0
96813,HONOLULU,Honolulu,HI,HONOLULU,Honolulu,21.328602,-157.82859399999998,1817.0
96814,HONOLULU,Honolulu,HI,HONOLULU,Honolulu,21.293855999999998,-157.846709,1642.0
96815,HONOLULU,Honolulu,HI,HONOLULU,Honolulu,21.271982,-157.82136200000002,2133.0
96822,HONOLULU,Honolulu,HI,HONOLULU,Honolulu,21.322174,-157.81410400000001,1408.0
96826,HONOLULU,Honolulu,HI,HONOLULU,Honolulu,21.291944,-157.824506,1353.0
97006,BEAVERTON,Beaverton,OR,WASHINGTON,Washington,45.522217,-122.859176,1153.0
97070,WILSONVILLE,Wilsonville,OR,CLACKAMAS,Clackamas,45.3085,-122.77941000000001,1219.0
97030,GRESHAM,Gresham,OR,MULTNOMAH,Multnomah,45.508212,-122.430306,1142.0
97035,LAKE OSWEGO,Lake Oswego,OR,CLACKAMAS,Clackamas,45.411379,-122.724075,1297.0
97124,HILLSBORO,Hillsboro,OR,WASHINGTON,Washington,45.590536,-122.956073,1396.0
97201,PORTLAND,Portland,OR,MULTNOMAH,Multnomah,45.507416,-122.689838,1481.0
97202,PORTLAND,Portland,OR,MULTNOMAH,Multnomah,45.480312,-122.64511499999999,1315.0
97209,PORTLAND,Portland,OR,MULTNOMAH,Multnomah,45.533458,-122.681501,1950.0
97213,PORTLAND,Portland,OR,MULTNOMAH,Multnomah,45.537794,-122.600806,1232.0
97214,PORTLAND,Portland,OR,MULTNOMAH,Multnomah,45.513936,-122.644123,1533.0
97217,PORTLAND,Portland,OR,MULTNOMAH,Multnomah,45.589591999999996,-122.69298799999999,1388.0
97225,PORTLAND,Portland,OR,WASHINGTON,Washington,45.500519,-122.779164,1264.0
97229,PORTLAND,Portland,OR,WASHINGTON,Washington,45.554376,-122.811306,1240.0
97239,PORTLAND,Portland,OR,MULTNOMAH,Multnomah,45.48798,-122.692654,1672.0
98004,BELLEVUE,Bellevue,WA,KING,King,47.617746000000004,-122.210797,2215.0
98005,BELLEVUE,Bellevue,WA,KING,King,47.620067999999996,-122.17308600000001,1731.0
98007,BELLEVUE,Bellevue,WA,KING,King,47.619741,-122.14298600000001,1730.0
98011,BOTHELL,Bothell,WA,KING,King,47.75028,-122.204651,1722.0
98012,BOTHELL,Bothell,WA,SNOHOMISH,Snohomish,47.844716999999996,-122.19848799999998,1501.0
98029,ISSAQUAH,Issaquah,WA,KING,King,47.559603,-122.02395,1811.0
98032,KENT,Kent,WA,KING,King,47.392329,-122.264592,1286.0
98033,KIRKLAND,Kirkland,WA,KING,King,47.673156,-122.19762800000001,1782.0
98034,KIRKLAND,Kirkland,WA,KING,King,47.715193,-122.210637,1622.0
98052,REDMOND,Redmond,WA,KING,King,47.680496000000005,-122.120938,1836.0
98103,SEATTLE,Seattle,WA,KING,King,47.670294,-122.34830600000001,1750.0
98104,SEATTLE,Seattle,WA,KING,King,47.602134,-122.32843100000001,1947.0
98105,SEATTLE,Seattle,WA,KING,King,47.6604,-122.28053,1632.0
98106,SEATTLE,Seattle,WA,KING,King,47.547734000000005,-122.352668,1553.0
98107,SEATTLE,Seattle,WA,KING,King,47.664823,-122.383784,1871.0
98109,SEATTLE,Seattle,WA,KING,King,47.634444,-122.3419,2213.0
98121,SEATTLE,Seattle,WA,KING,King,47.613476,-122.347381,2707.0
98122,SEATTLE,Seattle,WA,KING,King,47.613527000000005,-122.297335,2080.0
98125,SEATTLE,Seattle,WA,KING,King,47.715789,-122.293458,1448.0
98126,SEATTLE,Seattle,WA,KING,King,47.55178,-122.372222,1696.0
98133,SEATTLE,Seattle,WA,KING,King,47.739569,-122.344948,1395.0
98040,MERCER ISLAND,Mercer Island,WA,KING,King,47.565228999999995,-122.233149,2118.0
98055,RENTON,Renton,WA,KING,King,47.45108,-122.196316,1405.0
98056,RENTON,Renton,WA,KING,King,47.508872,-122.19496000000001,1413.0
98059,RENTON,Renton,WA,KING,King,47.504128,-122.10966299999998,1585.0
98087,LYNNWOOD,Lynnwood,WA,SNOHOMISH,Snohomish,47.867461999999996,-122.263248,1504.0
98102,SEATTLE,Seattle,WA,KING,King,47.635749,-122.32436200000001,1819.0
98112,SEATTLE,Seattle,WA,KING,King,47.631975,-122.287411,1790.0
98115,SEATTLE,Seattle,WA,KING,King,47.683612,-122.27802199999999,1782.0
98116,SEATTLE,Seattle,WA,KING,King,47.576291999999995,-122.40063899999998,1833.0
98117,SEATTLE,Seattle,WA,KING,King,47.688575,-122.38416799999999,1532.0
98118,SEATTLE,Seattle,WA,KING,King,47.541963,-122.267649,1851.0
98119,SEATTLE,Seattle,WA,KING,King,47.638984,-122.36921399999999,1753.0
98204,EVERETT,Everett,WA,SNOHOMISH,Snohomish,47.898328,-122.26071,1223.0
98208,EVERETT,Everett,WA,SNOHOMISH,Snohomish,47.9008,-122.194521,1261.0
98383,SILVERDALE,Silverdale,WA,KITSAP,Kitsap,47.676127,-122.716104,1423.0
98405,TACOMA,Tacoma,WA,PIERCE,Pierce,47.248975,-122.472922,1095.0
98499,LAKEWOOD,Lakewood,WA,PIERCE,Pierce,47.165782,-122.503179,1104.0
99508,ANCHORAGE,Anchorage,AK,ANCHORAGE,Anchorage,61.209675,-149.82323799999998,865.0
